id,anneals to,sequence,annealing temperature,length,price(DKK),description,footprint,len_footprint,promoter_index,terminator_index
P001,PABA-UP,TTCTTCTGGCATCTTTCCTCCGACGA,68.36,26,46.800000000000004,Anneals to PABA-UP,TTCTTCTGGCATCTTTCCTCCGACGA,26,0,0
P002,PABA-UP,ATCACGACCAGATAACACCCTCTCTTACTCCCGTCCACCTCATTC,68.58,45,81.0,"Anneals to PABA-UP, overlaps to 1036bp_PCR_prod",CCTCTCTTACTCCCGTCCACCTCATTC,27,0,0
P003,PKG1_promoter,GGACGGGAGTAAGAGAGGGTGTTATCTGGTCGTGATTCGCCACC,68.28,44,79.2,"Anneals to PKG1_promoter, overlaps to PABA-UP",GTGTTATCTGGTCGTGATTCGCCACC,26,0,0
P004,PKG1_promoter,GCGGCCGATGGCGGACATTGTGGATTGTGAAGAAGAGATGGATCGTGAAG,68.18,50,90.0,"Anneals to PKG1_promoter, overlaps to 1641bp_PCR_prod",TGTGGATTGTGAAGAAGAGATGGATCGTGAAG,32,0,0
P005,pfa1,TCTTCTTCACAATCCACAATGTCCGCCATCGGCCG,66.97,35,63.0,"Anneals to pfa1, overlaps to PKG1_promoter",ATGTCCGCCATCGGCCG,17,0,0
P006,pfa1,ACTTGTTCATTTTGCTTTGGCGAGAGGGCGAGGG,66.91,34,61.2,"Anneals to pfa1, overlaps to 1036bp_PCR_prod",GGCGAGAGGGCGAGGG,16,0,0
P007,PKG1_terminator,CGCCCTCGCCCTCTCGCCAAAGCAAAATGAACAAGTTTTTTTATCTGTAAAGTATTGAAGAATGTGATGATG,68.03,72,129.6,"Anneals to PKG1_terminator, overlaps to pfa1",AAAGCAAAATGAACAAGTTTTTTTATCTGTAAAGTATTGAAGAATGTGATGATG,54,0,0
P008,PKG1_terminator,ATCACGACCAGATAACACGCCCGATACCTCCAAGGAAATAACATTGTAAATCT,68.16,53,95.4,"Anneals to PKG1_terminator, overlaps to 1036bp_PCR_prod",GCCCGATACCTCCAAGGAAATAACATTGTAAATCT,35,0,0
P009,PKG1_promoter,TCCTTGGAGGTATCGGGCGTGTTATCTGGTCGTGATTCGCCACC,68.28,44,79.2,"Anneals to PKG1_promoter, overlaps to PKG1_terminator",GTGTTATCTGGTCGTGATTCGCCACC,26,0,0
P010,PKG1_promoter,GACAGGGACCTGGGTCATTGTGGATTGTGAAGAAGAGATGGATCGTGAAG,68.18,50,90.0,"Anneals to PKG1_promoter, overlaps to 6702bp_PCR_prod",TGTGGATTGTGAAGAAGAGATGGATCGTGAAG,32,0,0
P011,pfa2,TCTTCTTCACAATCCACAATGACCCAGGTCCCTGTCGC,68.06,38,68.4,"Anneals to pfa2, overlaps to PKG1_promoter",ATGACCCAGGTCCCTGTCGC,20,0,0
P012,pfa2,ACTTGTTCATTTTGCTTTGGAGGCAGGGCCGGTC,67.38,34,61.2,"Anneals to pfa2, overlaps to 1036bp_PCR_prod",GGAGGCAGGGCCGGTC,16,0,0
P013,PKG1_terminator,GAGACCGGCCCTGCCTCCAAAGCAAAATGAACAAGTTTTTTTATCTGTAAAGTATTGAAGAATGTGATGATG,68.03,72,129.6,"Anneals to PKG1_terminator, overlaps to pfa2",AAAGCAAAATGAACAAGTTTTTTTATCTGTAAAGTATTGAAGAATGTGATGATG,54,0,0
P014,PKG1_promoter,GATAGGCTCGAAGGTCATTGTGGATTGTGAAGAAGAGATGGATCGTGAAG,68.18,50,90.0,"Anneals to PKG1_promoter, overlaps to 7944bp_PCR_prod",TGTGGATTGTGAAGAAGAGATGGATCGTGAAG,32,0,0
P015,pfa3,TCTTCTTCACAATCCACAATGACCTTCGAGCCTATCGCCATC,67.24,42,75.60000000000001,"Anneals to pfa3, overlaps to PKG1_promoter",ATGACCTTCGAGCCTATCGCCATC,24,0,0
P016,pfa3,ACTTGTTCATTTTGCTTTGCCGCCCTCGACGAGG,67.35,34,61.2,"Anneals to pfa3, overlaps to 1036bp_PCR_prod",GCCGCCCTCGACGAGG,16,0,0
P017,PKG1_terminator,CTCCTCGTCGAGGGCGGCAAAGCAAAATGAACAAGTTTTTTTATCTGTAAAGTATTGAAGAATGTGATGATG,68.03,72,129.6,"Anneals to PKG1_terminator, overlaps to pfa3",AAAGCAAAATGAACAAGTTTTTTTATCTGTAAAGTATTGAAGAATGTGATGATG,54,0,0
P018,PKG1_promoter,GAGGTCGAGGAGGGCCATTGTGGATTGTGAAGAAGAGATGGATCGTGAAG,68.18,50,90.0,"Anneals to PKG1_promoter, overlaps to 822bp_PCR_prod",TGTGGATTGTGAAGAAGAGATGGATCGTGAAG,32,0,0
P019,PPtase_BBa_K5300011,TCTTCTTCACAATCCACAATGGCCCTCCTCGACCTCC,67.56,37,66.60000000000001,"Anneals to PPtase_BBa_K5300011, overlaps to PKG1_promoter",ATGGCCCTCCTCGACCTCC,19,0,0
P020,PPtase_BBa_K5300011,ACTTGTTCATTTTGCTTTGGAGAGTTAGACGGCGAGGGTG,67.8,40,72.0,"Anneals to PPtase_BBa_K5300011, overlaps to 1036bp_PCR_prod",GGAGAGTTAGACGGCGAGGGTG,22,0,0
P021,PKG1_terminator,CTCGCCGTCTAACTCTCCAAAGCAAAATGAACAAGTTTTTTTATCTGTAAAGTATTGAAGAATGTGATGATG,68.03,72,129.6,"Anneals to PKG1_terminator, overlaps to PPtase_BBa_K5300011",AAAGCAAAATGAACAAGTTTTTTTATCTGTAAAGTATTGAAGAATGTGATGATG,54,0,0
P022,PKG1_terminator,TGATATCGAGAGGACGCTGCCCGATACCTCCAAGGAAATAACATTGTAAATCT,68.16,53,95.4,"Anneals to PKG1_terminator, overlaps to 523bp_PCR_prod",GCCCGATACCTCCAAGGAAATAACATTGTAAATCT,35,0,0
P023,PABA-DW,TCCTTGGAGGTATCGGGCAGCGTCCTCTCGATATCACCGG,66.81,40,72.0,"Anneals to PABA-DW, overlaps to PKG1_terminator",AGCGTCCTCTCGATATCACCGG,22,0,0
P024,PABA-DW,GCCTGGCGGAATCCTCACTG,66.98,20,36.0,Anneals to PABA-DW,GCCTGGCGGAATCCTCACTG,20,0,0
P001,PABA-UP,TTCTTCTGGCATCTTTCCTCCGACGA,68.36,26,46.800000000000004,Anneals to PABA-UP,TTCTTCTGGCATCTTTCCTCCGACGA,26,0,1
P002,PABA-UP,ATCACGACCAGATAACACCCTCTCTTACTCCCGTCCACCTCATTC,68.58,45,81.0,"Anneals to PABA-UP, overlaps to 1036bp_PCR_prod",CCTCTCTTACTCCCGTCCACCTCATTC,27,0,1
P003,PKG1_promoter,GGACGGGAGTAAGAGAGGGTGTTATCTGGTCGTGATTCGCCACC,68.28,44,79.2,"Anneals to PKG1_promoter, overlaps to PABA-UP",GTGTTATCTGGTCGTGATTCGCCACC,26,0,1
P004,PKG1_promoter,GCGGCCGATGGCGGACATTGTGGATTGTGAAGAAGAGATGGATCGTGAAG,68.18,50,90.0,"Anneals to PKG1_promoter, overlaps to 1641bp_PCR_prod",TGTGGATTGTGAAGAAGAGATGGATCGTGAAG,32,0,1
P005,pfa1,TCTTCTTCACAATCCACAATGTCCGCCATCGGCCG,66.97,35,63.0,"Anneals to pfa1, overlaps to PKG1_promoter",ATGTCCGCCATCGGCCG,17,0,1
P006,pfa1,GGTGTTTCTACATCTAGTGGCGAGAGGGCGAGGG,66.91,34,61.2,"Anneals to pfa1, overlaps to 1036bp_PCR_prod",GGCGAGAGGGCGAGGG,16,0,1
P007,TEF1_terminator,CGCCCTCGCCCTCTCGCCACTAGATGTAGAAACACCCTTTTGTATCACCACC,67.76,52,93.60000000000001,"Anneals to TEF1_terminator, overlaps to pfa1",ACTAGATGTAGAAACACCCTTTTGTATCACCACC,34,0,1
P008,TEF1_terminator,ATCACGACCAGATAACACTCCTCGACGTTTGAAACAAGTCACAAGC,68.0,46,82.8,"Anneals to TEF1_terminator, overlaps to 1036bp_PCR_prod",TCCTCGACGTTTGAAACAAGTCACAAGC,28,0,1
P009,PKG1_promoter,TGTTTCAAACGTCGAGGAGTGTTATCTGGTCGTGATTCGCCACC,68.28,44,79.2,"Anneals to PKG1_promoter, overlaps to TEF1_terminator",GTGTTATCTGGTCGTGATTCGCCACC,26,0,1
P010,PKG1_promoter,GACAGGGACCTGGGTCATTGTGGATTGTGAAGAAGAGATGGATCGTGAAG,68.18,50,90.0,"Anneals to PKG1_promoter, overlaps to 6702bp_PCR_prod",TGTGGATTGTGAAGAAGAGATGGATCGTGAAG,32,0,1
P011,pfa2,TCTTCTTCACAATCCACAATGACCCAGGTCCCTGTCGC,68.06,38,68.4,"Anneals to pfa2, overlaps to PKG1_promoter",ATGACCCAGGTCCCTGTCGC,20,0,1
P012,pfa2,GGTGTTTCTACATCTAGTGGAGGCAGGGCCGGTC,67.38,34,61.2,"Anneals to pfa2, overlaps to 1036bp_PCR_prod",GGAGGCAGGGCCGGTC,16,0,1
P013,TEF1_terminator,GAGACCGGCCCTGCCTCCACTAGATGTAGAAACACCCTTTTGTATCACCACC,67.76,52,93.60000000000001,"Anneals to TEF1_terminator, overlaps to pfa2",ACTAGATGTAGAAACACCCTTTTGTATCACCACC,34,0,1
P014,PKG1_promoter,GATAGGCTCGAAGGTCATTGTGGATTGTGAAGAAGAGATGGATCGTGAAG,68.18,50,90.0,"Anneals to PKG1_promoter, overlaps to 7944bp_PCR_prod",TGTGGATTGTGAAGAAGAGATGGATCGTGAAG,32,0,1
P015,pfa3,TCTTCTTCACAATCCACAATGACCTTCGAGCCTATCGCCATC,67.24,42,75.60000000000001,"Anneals to pfa3, overlaps to PKG1_promoter",ATGACCTTCGAGCCTATCGCCATC,24,0,1
P016,pfa3,GGTGTTTCTACATCTAGTGCCGCCCTCGACGAGG,67.35,34,61.2,"Anneals to pfa3, overlaps to 1036bp_PCR_prod",GCCGCCCTCGACGAGG,16,0,1
P017,TEF1_terminator,CTCCTCGTCGAGGGCGGCACTAGATGTAGAAACACCCTTTTGTATCACCACC,67.76,52,93.60000000000001,"Anneals to TEF1_terminator, overlaps to pfa3",ACTAGATGTAGAAACACCCTTTTGTATCACCACC,34,0,1
P018,PKG1_promoter,GAGGTCGAGGAGGGCCATTGTGGATTGTGAAGAAGAGATGGATCGTGAAG,68.18,50,90.0,"Anneals to PKG1_promoter, overlaps to 822bp_PCR_prod",TGTGGATTGTGAAGAAGAGATGGATCGTGAAG,32,0,1
P019,PPtase_BBa_K5300011,TCTTCTTCACAATCCACAATGGCCCTCCTCGACCTCC,67.56,37,66.60000000000001,"Anneals to PPtase_BBa_K5300011, overlaps to PKG1_promoter",ATGGCCCTCCTCGACCTCC,19,0,1
P020,PPtase_BBa_K5300011,GGTGTTTCTACATCTAGTGGAGAGTTAGACGGCGAGGGTG,67.8,40,72.0,"Anneals to PPtase_BBa_K5300011, overlaps to 1036bp_PCR_prod",GGAGAGTTAGACGGCGAGGGTG,22,0,1
P021,TEF1_terminator,CTCGCCGTCTAACTCTCCACTAGATGTAGAAACACCCTTTTGTATCACCACC,67.76,52,93.60000000000001,"Anneals to TEF1_terminator, overlaps to PPtase_BBa_K5300011",ACTAGATGTAGAAACACCCTTTTGTATCACCACC,34,0,1
P022,TEF1_terminator,TGATATCGAGAGGACGCTTCCTCGACGTTTGAAACAAGTCACAAGC,68.0,46,82.8,"Anneals to TEF1_terminator, overlaps to 523bp_PCR_prod",TCCTCGACGTTTGAAACAAGTCACAAGC,28,0,1
P023,PABA-DW,TGTTTCAAACGTCGAGGAAGCGTCCTCTCGATATCACCGG,66.81,40,72.0,"Anneals to PABA-DW, overlaps to TEF1_terminator",AGCGTCCTCTCGATATCACCGG,22,0,1
P024,PABA-DW,GCCTGGCGGAATCCTCACTG,66.98,20,36.0,Anneals to PABA-DW,GCCTGGCGGAATCCTCACTG,20,0,1
P001,PABA-UP,TTCTTCTGGCATCTTTCCTCCGACGA,68.36,26,46.800000000000004,Anneals to PABA-UP,TTCTTCTGGCATCTTTCCTCCGACGA,26,1,0
P002,PABA-UP,GACCCTGGTCAATGCGGGCCTCTCTTACTCCCGTCCACCTCATTC,68.58,45,81.0,"Anneals to PABA-UP, overlaps to 1036bp_PCR_prod",CCTCTCTTACTCCCGTCCACCTCATTC,27,1,0
P003,ADH1_promoter,GGACGGGAGTAAGAGAGGCCCGCATTGACCAGGGTCAAG,67.14,39,70.2,"Anneals to ADH1_promoter, overlaps to PABA-UP",CCCGCATTGACCAGGGTCAAG,21,1,0
P004,ADH1_promoter,GCGGCCGATGGCGGACATGGTTGATGCTGAGTGTGATCGTTAAAGG,66.33,46,82.8,"Anneals to ADH1_promoter, overlaps to 1641bp_PCR_prod",GGTTGATGCTGAGTGTGATCGTTAAAGG,28,1,0
P005,pfa1,TCACACTCAGCATCAACCATGTCCGCCATCGGCCG,66.97,35,63.0,"Anneals to pfa1, overlaps to ADH1_promoter",ATGTCCGCCATCGGCCG,17,1,0
P006,pfa1,ACTTGTTCATTTTGCTTTGGCGAGAGGGCGAGGG,66.91,34,61.2,"Anneals to pfa1, overlaps to 1036bp_PCR_prod",GGCGAGAGGGCGAGGG,16,1,0
P007,PKG1_terminator,CGCCCTCGCCCTCTCGCCAAAGCAAAATGAACAAGTTTTTTTATCTGTAAAGTATTGAAGAATGTGATGATG,68.03,72,129.6,"Anneals to PKG1_terminator, overlaps to pfa1",AAAGCAAAATGAACAAGTTTTTTTATCTGTAAAGTATTGAAGAATGTGATGATG,54,1,0
P008,PKG1_terminator,GACCCTGGTCAATGCGGGGCCCGATACCTCCAAGGAAATAACATTGTAAATCT,68.16,53,95.4,"Anneals to PKG1_terminator, overlaps to 1036bp_PCR_prod",GCCCGATACCTCCAAGGAAATAACATTGTAAATCT,35,1,0
P009,ADH1_promoter,TCCTTGGAGGTATCGGGCCCCGCATTGACCAGGGTCAAG,67.14,39,70.2,"Anneals to ADH1_promoter, overlaps to PKG1_terminator",CCCGCATTGACCAGGGTCAAG,21,1,0
P010,ADH1_promoter,GACAGGGACCTGGGTCATGGTTGATGCTGAGTGTGATCGTTAAAGG,66.33,46,82.8,"Anneals to ADH1_promoter, overlaps to 6702bp_PCR_prod",GGTTGATGCTGAGTGTGATCGTTAAAGG,28,1,0
P011,pfa2,TCACACTCAGCATCAACCATGACCCAGGTCCCTGTCGC,68.06,38,68.4,"Anneals to pfa2, overlaps to ADH1_promoter",ATGACCCAGGTCCCTGTCGC,20,1,0
P012,pfa2,ACTTGTTCATTTTGCTTTGGAGGCAGGGCCGGTC,67.38,34,61.2,"Anneals to pfa2, overlaps to 1036bp_PCR_prod",GGAGGCAGGGCCGGTC,16,1,0
P013,PKG1_terminator,GAGACCGGCCCTGCCTCCAAAGCAAAATGAACAAGTTTTTTTATCTGTAAAGTATTGAAGAATGTGATGATG,68.03,72,129.6,"Anneals to PKG1_terminator, overlaps to pfa2",AAAGCAAAATGAACAAGTTTTTTTATCTGTAAAGTATTGAAGAATGTGATGATG,54,1,0
P014,ADH1_promoter,GATAGGCTCGAAGGTCATGGTTGATGCTGAGTGTGATCGTTAAAGG,66.33,46,82.8,"Anneals to ADH1_promoter, overlaps to 7944bp_PCR_prod",GGTTGATGCTGAGTGTGATCGTTAAAGG,28,1,0
P015,pfa3,TCACACTCAGCATCAACCATGACCTTCGAGCCTATCGCCATC,67.24,42,75.60000000000001,"Anneals to pfa3, overlaps to ADH1_promoter",ATGACCTTCGAGCCTATCGCCATC,24,1,0
P016,pfa3,ACTTGTTCATTTTGCTTTGCCGCCCTCGACGAGG,67.35,34,61.2,"Anneals to pfa3, overlaps to 1036bp_PCR_prod",GCCGCCCTCGACGAGG,16,1,0
P017,PKG1_terminator,CTCCTCGTCGAGGGCGGCAAAGCAAAATGAACAAGTTTTTTTATCTGTAAAGTATTGAAGAATGTGATGATG,68.03,72,129.6,"Anneals to PKG1_terminator, overlaps to pfa3",AAAGCAAAATGAACAAGTTTTTTTATCTGTAAAGTATTGAAGAATGTGATGATG,54,1,0
P018,ADH1_promoter,GAGGTCGAGGAGGGCCATGGTTGATGCTGAGTGTGATCGTTAAAGG,66.33,46,82.8,"Anneals to ADH1_promoter, overlaps to 822bp_PCR_prod",GGTTGATGCTGAGTGTGATCGTTAAAGG,28,1,0
P019,PPtase_BBa_K5300011,TCACACTCAGCATCAACCATGGCCCTCCTCGACCTCC,67.56,37,66.60000000000001,"Anneals to PPtase_BBa_K5300011, overlaps to ADH1_promoter",ATGGCCCTCCTCGACCTCC,19,1,0
P020,PPtase_BBa_K5300011,ACTTGTTCATTTTGCTTTGGAGAGTTAGACGGCGAGGGTG,67.8,40,72.0,"Anneals to PPtase_BBa_K5300011, overlaps to 1036bp_PCR_prod",GGAGAGTTAGACGGCGAGGGTG,22,1,0
P021,PKG1_terminator,CTCGCCGTCTAACTCTCCAAAGCAAAATGAACAAGTTTTTTTATCTGTAAAGTATTGAAGAATGTGATGATG,68.03,72,129.6,"Anneals to PKG1_terminator, overlaps to PPtase_BBa_K5300011",AAAGCAAAATGAACAAGTTTTTTTATCTGTAAAGTATTGAAGAATGTGATGATG,54,1,0
P022,PKG1_terminator,TGATATCGAGAGGACGCTGCCCGATACCTCCAAGGAAATAACATTGTAAATCT,68.16,53,95.4,"Anneals to PKG1_terminator, overlaps to 523bp_PCR_prod",GCCCGATACCTCCAAGGAAATAACATTGTAAATCT,35,1,0
P023,PABA-DW,TCCTTGGAGGTATCGGGCAGCGTCCTCTCGATATCACCGG,66.81,40,72.0,"Anneals to PABA-DW, overlaps to PKG1_terminator",AGCGTCCTCTCGATATCACCGG,22,1,0
P024,PABA-DW,GCCTGGCGGAATCCTCACTG,66.98,20,36.0,Anneals to PABA-DW,GCCTGGCGGAATCCTCACTG,20,1,0
P001,PABA-UP,TTCTTCTGGCATCTTTCCTCCGACGA,68.36,26,46.800000000000004,Anneals to PABA-UP,TTCTTCTGGCATCTTTCCTCCGACGA,26,1,1
P002,PABA-UP,GACCCTGGTCAATGCGGGCCTCTCTTACTCCCGTCCACCTCATTC,68.58,45,81.0,"Anneals to PABA-UP, overlaps to 1036bp_PCR_prod",CCTCTCTTACTCCCGTCCACCTCATTC,27,1,1
P003,ADH1_promoter,GGACGGGAGTAAGAGAGGCCCGCATTGACCAGGGTCAAG,67.14,39,70.2,"Anneals to ADH1_promoter, overlaps to PABA-UP",CCCGCATTGACCAGGGTCAAG,21,1,1
P004,ADH1_promoter,GCGGCCGATGGCGGACATGGTTGATGCTGAGTGTGATCGTTAAAGG,66.33,46,82.8,"Anneals to ADH1_promoter, overlaps to 1641bp_PCR_prod",GGTTGATGCTGAGTGTGATCGTTAAAGG,28,1,1
P005,pfa1,TCACACTCAGCATCAACCATGTCCGCCATCGGCCG,66.97,35,63.0,"Anneals to pfa1, overlaps to ADH1_promoter",ATGTCCGCCATCGGCCG,17,1,1
P006,pfa1,GGTGTTTCTACATCTAGTGGCGAGAGGGCGAGGG,66.91,34,61.2,"Anneals to pfa1, overlaps to 1036bp_PCR_prod",GGCGAGAGGGCGAGGG,16,1,1
P007,TEF1_terminator,CGCCCTCGCCCTCTCGCCACTAGATGTAGAAACACCCTTTTGTATCACCACC,67.76,52,93.60000000000001,"Anneals to TEF1_terminator, overlaps to pfa1",ACTAGATGTAGAAACACCCTTTTGTATCACCACC,34,1,1
P008,TEF1_terminator,GACCCTGGTCAATGCGGGTCCTCGACGTTTGAAACAAGTCACAAGC,68.0,46,82.8,"Anneals to TEF1_terminator, overlaps to 1036bp_PCR_prod",TCCTCGACGTTTGAAACAAGTCACAAGC,28,1,1
P009,ADH1_promoter,TGTTTCAAACGTCGAGGACCCGCATTGACCAGGGTCAAG,67.14,39,70.2,"Anneals to ADH1_promoter, overlaps to TEF1_terminator",CCCGCATTGACCAGGGTCAAG,21,1,1
P010,ADH1_promoter,GACAGGGACCTGGGTCATGGTTGATGCTGAGTGTGATCGTTAAAGG,66.33,46,82.8,"Anneals to ADH1_promoter, overlaps to 6702bp_PCR_prod",GGTTGATGCTGAGTGTGATCGTTAAAGG,28,1,1
P011,pfa2,TCACACTCAGCATCAACCATGACCCAGGTCCCTGTCGC,68.06,38,68.4,"Anneals to pfa2, overlaps to ADH1_promoter",ATGACCCAGGTCCCTGTCGC,20,1,1
P012,pfa2,GGTGTTTCTACATCTAGTGGAGGCAGGGCCGGTC,67.38,34,61.2,"Anneals to pfa2, overlaps to 1036bp_PCR_prod",GGAGGCAGGGCCGGTC,16,1,1
P013,TEF1_terminator,GAGACCGGCCCTGCCTCCACTAGATGTAGAAACACCCTTTTGTATCACCACC,67.76,52,93.60000000000001,"Anneals to TEF1_terminator, overlaps to pfa2",ACTAGATGTAGAAACACCCTTTTGTATCACCACC,34,1,1
P014,ADH1_promoter,GATAGGCTCGAAGGTCATGGTTGATGCTGAGTGTGATCGTTAAAGG,66.33,46,82.8,"Anneals to ADH1_promoter, overlaps to 7944bp_PCR_prod",GGTTGATGCTGAGTGTGATCGTTAAAGG,28,1,1
P015,pfa3,TCACACTCAGCATCAACCATGACCTTCGAGCCTATCGCCATC,67.24,42,75.60000000000001,"Anneals to pfa3, overlaps to ADH1_promoter",ATGACCTTCGAGCCTATCGCCATC,24,1,1
P016,pfa3,GGTGTTTCTACATCTAGTGCCGCCCTCGACGAGG,67.35,34,61.2,"Anneals to pfa3, overlaps to 1036bp_PCR_prod",GCCGCCCTCGACGAGG,16,1,1
P017,TEF1_terminator,CTCCTCGTCGAGGGCGGCACTAGATGTAGAAACACCCTTTTGTATCACCACC,67.76,52,93.60000000000001,"Anneals to TEF1_terminator, overlaps to pfa3",ACTAGATGTAGAAACACCCTTTTGTATCACCACC,34,1,1
P018,ADH1_promoter,GAGGTCGAGGAGGGCCATGGTTGATGCTGAGTGTGATCGTTAAAGG,66.33,46,82.8,"Anneals to ADH1_promoter, overlaps to 822bp_PCR_prod",GGTTGATGCTGAGTGTGATCGTTAAAGG,28,1,1
P019,PPtase_BBa_K5300011,TCACACTCAGCATCAACCATGGCCCTCCTCGACCTCC,67.56,37,66.60000000000001,"Anneals to PPtase_BBa_K5300011, overlaps to ADH1_promoter",ATGGCCCTCCTCGACCTCC,19,1,1
P020,PPtase_BBa_K5300011,GGTGTTTCTACATCTAGTGGAGAGTTAGACGGCGAGGGTG,67.8,40,72.0,"Anneals to PPtase_BBa_K5300011, overlaps to 1036bp_PCR_prod",GGAGAGTTAGACGGCGAGGGTG,22,1,1
P021,TEF1_terminator,CTCGCCGTCTAACTCTCCACTAGATGTAGAAACACCCTTTTGTATCACCACC,67.76,52,93.60000000000001,"Anneals to TEF1_terminator, overlaps to PPtase_BBa_K5300011",ACTAGATGTAGAAACACCCTTTTGTATCACCACC,34,1,1
P022,TEF1_terminator,TGATATCGAGAGGACGCTTCCTCGACGTTTGAAACAAGTCACAAGC,68.0,46,82.8,"Anneals to TEF1_terminator, overlaps to 523bp_PCR_prod",TCCTCGACGTTTGAAACAAGTCACAAGC,28,1,1
P023,PABA-DW,TGTTTCAAACGTCGAGGAAGCGTCCTCTCGATATCACCGG,66.81,40,72.0,"Anneals to PABA-DW, overlaps to TEF1_terminator",AGCGTCCTCTCGATATCACCGG,22,1,1
P024,PABA-DW,GCCTGGCGGAATCCTCACTG,66.98,20,36.0,Anneals to PABA-DW,GCCTGGCGGAATCCTCACTG,20,1,1
P001,PABA-UP,TTCTTCTGGCATCTTTCCTCCGACGA,68.36,26,46.800000000000004,Anneals to PABA-UP,TTCTTCTGGCATCTTTCCTCCGACGA,26,2,0
P002,PABA-UP,CTGCGCCTGAATTTGAGGCCTCTCTTACTCCCGTCCACCTCATTC,68.58,45,81.0,"Anneals to PABA-UP, overlaps to 1036bp_PCR_prod",CCTCTCTTACTCCCGTCCACCTCATTC,27,2,0
P003,DED1_promoter,GGACGGGAGTAAGAGAGGCCTCAAATTCAGGCGCAGCAATTACG,67.55,44,79.2,"Anneals to DED1_promoter, overlaps to PABA-UP",CCTCAAATTCAGGCGCAGCAATTACG,26,2,0
P004,DED1_promoter,GCGGCCGATGGCGGACATATTAGTTGAAGATTTGTTGAACTCGAATCGTTCTTGAATCG,68.07,59,106.2,"Anneals to DED1_promoter, overlaps to 1641bp_PCR_prod",ATTAGTTGAAGATTTGTTGAACTCGAATCGTTCTTGAATCG,41,2,0
P005,pfa1,AACAAATCTTCAACTAATATGTCCGCCATCGGCCG,66.97,35,63.0,"Anneals to pfa1, overlaps to DED1_promoter",ATGTCCGCCATCGGCCG,17,2,0
P006,pfa1,ACTTGTTCATTTTGCTTTGGCGAGAGGGCGAGGG,66.91,34,61.2,"Anneals to pfa1, overlaps to 1036bp_PCR_prod",GGCGAGAGGGCGAGGG,16,2,0
P007,PKG1_terminator,CGCCCTCGCCCTCTCGCCAAAGCAAAATGAACAAGTTTTTTTATCTGTAAAGTATTGAAGAATGTGATGATG,68.03,72,129.6,"Anneals to PKG1_terminator, overlaps to pfa1",AAAGCAAAATGAACAAGTTTTTTTATCTGTAAAGTATTGAAGAATGTGATGATG,54,2,0
P008,PKG1_terminator,CTGCGCCTGAATTTGAGGGCCCGATACCTCCAAGGAAATAACATTGTAAATCT,68.16,53,95.4,"Anneals to PKG1_terminator, overlaps to 1036bp_PCR_prod",GCCCGATACCTCCAAGGAAATAACATTGTAAATCT,35,2,0
P009,DED1_promoter,TCCTTGGAGGTATCGGGCCCTCAAATTCAGGCGCAGCAATTACG,67.55,44,79.2,"Anneals to DED1_promoter, overlaps to PKG1_terminator",CCTCAAATTCAGGCGCAGCAATTACG,26,2,0
P010,DED1_promoter,GACAGGGACCTGGGTCATATTAGTTGAAGATTTGTTGAACTCGAATCGTTCTTGAATCG,68.07,59,106.2,"Anneals to DED1_promoter, overlaps to 6702bp_PCR_prod",ATTAGTTGAAGATTTGTTGAACTCGAATCGTTCTTGAATCG,41,2,0
P011,pfa2,AACAAATCTTCAACTAATATGACCCAGGTCCCTGTCGC,68.06,38,68.4,"Anneals to pfa2, overlaps to DED1_promoter",ATGACCCAGGTCCCTGTCGC,20,2,0
P012,pfa2,ACTTGTTCATTTTGCTTTGGAGGCAGGGCCGGTC,67.38,34,61.2,"Anneals to pfa2, overlaps to 1036bp_PCR_prod",GGAGGCAGGGCCGGTC,16,2,0
P013,PKG1_terminator,GAGACCGGCCCTGCCTCCAAAGCAAAATGAACAAGTTTTTTTATCTGTAAAGTATTGAAGAATGTGATGATG,68.03,72,129.6,"Anneals to PKG1_terminator, overlaps to pfa2",AAAGCAAAATGAACAAGTTTTTTTATCTGTAAAGTATTGAAGAATGTGATGATG,54,2,0
P014,DED1_promoter,GATAGGCTCGAAGGTCATATTAGTTGAAGATTTGTTGAACTCGAATCGTTCTTGAATCG,68.07,59,106.2,"Anneals to DED1_promoter, overlaps to 7944bp_PCR_prod",ATTAGTTGAAGATTTGTTGAACTCGAATCGTTCTTGAATCG,41,2,0
P015,pfa3,AACAAATCTTCAACTAATATGACCTTCGAGCCTATCGCCATC,67.24,42,75.60000000000001,"Anneals to pfa3, overlaps to DED1_promoter",ATGACCTTCGAGCCTATCGCCATC,24,2,0
P016,pfa3,ACTTGTTCATTTTGCTTTGCCGCCCTCGACGAGG,67.35,34,61.2,"Anneals to pfa3, overlaps to 1036bp_PCR_prod",GCCGCCCTCGACGAGG,16,2,0
P017,PKG1_terminator,CTCCTCGTCGAGGGCGGCAAAGCAAAATGAACAAGTTTTTTTATCTGTAAAGTATTGAAGAATGTGATGATG,68.03,72,129.6,"Anneals to PKG1_terminator, overlaps to pfa3",AAAGCAAAATGAACAAGTTTTTTTATCTGTAAAGTATTGAAGAATGTGATGATG,54,2,0
P018,DED1_promoter,GAGGTCGAGGAGGGCCATATTAGTTGAAGATTTGTTGAACTCGAATCGTTCTTGAATCG,68.07,59,106.2,"Anneals to DED1_promoter, overlaps to 822bp_PCR_prod",ATTAGTTGAAGATTTGTTGAACTCGAATCGTTCTTGAATCG,41,2,0
P019,PPtase_BBa_K5300011,AACAAATCTTCAACTAATATGGCCCTCCTCGACCTCC,67.56,37,66.60000000000001,"Anneals to PPtase_BBa_K5300011, overlaps to DED1_promoter",ATGGCCCTCCTCGACCTCC,19,2,0
P020,PPtase_BBa_K5300011,ACTTGTTCATTTTGCTTTGGAGAGTTAGACGGCGAGGGTG,67.8,40,72.0,"Anneals to PPtase_BBa_K5300011, overlaps to 1036bp_PCR_prod",GGAGAGTTAGACGGCGAGGGTG,22,2,0
P021,PKG1_terminator,CTCGCCGTCTAACTCTCCAAAGCAAAATGAACAAGTTTTTTTATCTGTAAAGTATTGAAGAATGTGATGATG,68.03,72,129.6,"Anneals to PKG1_terminator, overlaps to PPtase_BBa_K5300011",AAAGCAAAATGAACAAGTTTTTTTATCTGTAAAGTATTGAAGAATGTGATGATG,54,2,0
P022,PKG1_terminator,TGATATCGAGAGGACGCTGCCCGATACCTCCAAGGAAATAACATTGTAAATCT,68.16,53,95.4,"Anneals to PKG1_terminator, overlaps to 523bp_PCR_prod",GCCCGATACCTCCAAGGAAATAACATTGTAAATCT,35,2,0
P023,PABA-DW,TCCTTGGAGGTATCGGGCAGCGTCCTCTCGATATCACCGG,66.81,40,72.0,"Anneals to PABA-DW, overlaps to PKG1_terminator",AGCGTCCTCTCGATATCACCGG,22,2,0
P024,PABA-DW,GCCTGGCGGAATCCTCACTG,66.98,20,36.0,Anneals to PABA-DW,GCCTGGCGGAATCCTCACTG,20,2,0
P001,PABA-UP,TTCTTCTGGCATCTTTCCTCCGACGA,68.36,26,46.800000000000004,Anneals to PABA-UP,TTCTTCTGGCATCTTTCCTCCGACGA,26,2,1
P002,PABA-UP,CTGCGCCTGAATTTGAGGCCTCTCTTACTCCCGTCCACCTCATTC,68.58,45,81.0,"Anneals to PABA-UP, overlaps to 1036bp_PCR_prod",CCTCTCTTACTCCCGTCCACCTCATTC,27,2,1
P003,DED1_promoter,GGACGGGAGTAAGAGAGGCCTCAAATTCAGGCGCAGCAATTACG,67.55,44,79.2,"Anneals to DED1_promoter, overlaps to PABA-UP",CCTCAAATTCAGGCGCAGCAATTACG,26,2,1
P004,DED1_promoter,GCGGCCGATGGCGGACATATTAGTTGAAGATTTGTTGAACTCGAATCGTTCTTGAATCG,68.07,59,106.2,"Anneals to DED1_promoter, overlaps to 1641bp_PCR_prod",ATTAGTTGAAGATTTGTTGAACTCGAATCGTTCTTGAATCG,41,2,1
P005,pfa1,AACAAATCTTCAACTAATATGTCCGCCATCGGCCG,66.97,35,63.0,"Anneals to pfa1, overlaps to DED1_promoter",ATGTCCGCCATCGGCCG,17,2,1
P006,pfa1,GGTGTTTCTACATCTAGTGGCGAGAGGGCGAGGG,66.91,34,61.2,"Anneals to pfa1, overlaps to 1036bp_PCR_prod",GGCGAGAGGGCGAGGG,16,2,1
P007,TEF1_terminator,CGCCCTCGCCCTCTCGCCACTAGATGTAGAAACACCCTTTTGTATCACCACC,67.76,52,93.60000000000001,"Anneals to TEF1_terminator, overlaps to pfa1",ACTAGATGTAGAAACACCCTTTTGTATCACCACC,34,2,1
P008,TEF1_terminator,CTGCGCCTGAATTTGAGGTCCTCGACGTTTGAAACAAGTCACAAGC,68.0,46,82.8,"Anneals to TEF1_terminator, overlaps to 1036bp_PCR_prod",TCCTCGACGTTTGAAACAAGTCACAAGC,28,2,1
P009,DED1_promoter,TGTTTCAAACGTCGAGGACCTCAAATTCAGGCGCAGCAATTACG,67.55,44,79.2,"Anneals to DED1_promoter, overlaps to TEF1_terminator",CCTCAAATTCAGGCGCAGCAATTACG,26,2,1
P010,DED1_promoter,GACAGGGACCTGGGTCATATTAGTTGAAGATTTGTTGAACTCGAATCGTTCTTGAATCG,68.07,59,106.2,"Anneals to DED1_promoter, overlaps to 6702bp_PCR_prod",ATTAGTTGAAGATTTGTTGAACTCGAATCGTTCTTGAATCG,41,2,1
P011,pfa2,AACAAATCTTCAACTAATATGACCCAGGTCCCTGTCGC,68.06,38,68.4,"Anneals to pfa2, overlaps to DED1_promoter",ATGACCCAGGTCCCTGTCGC,20,2,1
P012,pfa2,GGTGTTTCTACATCTAGTGGAGGCAGGGCCGGTC,67.38,34,61.2,"Anneals to pfa2, overlaps to 1036bp_PCR_prod",GGAGGCAGGGCCGGTC,16,2,1
P013,TEF1_terminator,GAGACCGGCCCTGCCTCCACTAGATGTAGAAACACCCTTTTGTATCACCACC,67.76,52,93.60000000000001,"Anneals to TEF1_terminator, overlaps to pfa2",ACTAGATGTAGAAACACCCTTTTGTATCACCACC,34,2,1
P014,DED1_promoter,GATAGGCTCGAAGGTCATATTAGTTGAAGATTTGTTGAACTCGAATCGTTCTTGAATCG,68.07,59,106.2,"Anneals to DED1_promoter, overlaps to 7944bp_PCR_prod",ATTAGTTGAAGATTTGTTGAACTCGAATCGTTCTTGAATCG,41,2,1
P015,pfa3,AACAAATCTTCAACTAATATGACCTTCGAGCCTATCGCCATC,67.24,42,75.60000000000001,"Anneals to pfa3, overlaps to DED1_promoter",ATGACCTTCGAGCCTATCGCCATC,24,2,1
P016,pfa3,GGTGTTTCTACATCTAGTGCCGCCCTCGACGAGG,67.35,34,61.2,"Anneals to pfa3, overlaps to 1036bp_PCR_prod",GCCGCCCTCGACGAGG,16,2,1
P017,TEF1_terminator,CTCCTCGTCGAGGGCGGCACTAGATGTAGAAACACCCTTTTGTATCACCACC,67.76,52,93.60000000000001,"Anneals to TEF1_terminator, overlaps to pfa3",ACTAGATGTAGAAACACCCTTTTGTATCACCACC,34,2,1
P018,DED1_promoter,GAGGTCGAGGAGGGCCATATTAGTTGAAGATTTGTTGAACTCGAATCGTTCTTGAATCG,68.07,59,106.2,"Anneals to DED1_promoter, overlaps to 822bp_PCR_prod",ATTAGTTGAAGATTTGTTGAACTCGAATCGTTCTTGAATCG,41,2,1
P019,PPtase_BBa_K5300011,AACAAATCTTCAACTAATATGGCCCTCCTCGACCTCC,67.56,37,66.60000000000001,"Anneals to PPtase_BBa_K5300011, overlaps to DED1_promoter",ATGGCCCTCCTCGACCTCC,19,2,1
P020,PPtase_BBa_K5300011,GGTGTTTCTACATCTAGTGGAGAGTTAGACGGCGAGGGTG,67.8,40,72.0,"Anneals to PPtase_BBa_K5300011, overlaps to 1036bp_PCR_prod",GGAGAGTTAGACGGCGAGGGTG,22,2,1
P021,TEF1_terminator,CTCGCCGTCTAACTCTCCACTAGATGTAGAAACACCCTTTTGTATCACCACC,67.76,52,93.60000000000001,"Anneals to TEF1_terminator, overlaps to PPtase_BBa_K5300011",ACTAGATGTAGAAACACCCTTTTGTATCACCACC,34,2,1
P022,TEF1_terminator,TGATATCGAGAGGACGCTTCCTCGACGTTTGAAACAAGTCACAAGC,68.0,46,82.8,"Anneals to TEF1_terminator, overlaps to 523bp_PCR_prod",TCCTCGACGTTTGAAACAAGTCACAAGC,28,2,1
P023,PABA-DW,TGTTTCAAACGTCGAGGAAGCGTCCTCTCGATATCACCGG,66.81,40,72.0,"Anneals to PABA-DW, overlaps to TEF1_terminator",AGCGTCCTCTCGATATCACCGG,22,2,1
P024,PABA-DW,GCCTGGCGGAATCCTCACTG,66.98,20,36.0,Anneals to PABA-DW,GCCTGGCGGAATCCTCACTG,20,2,1
P001,PABA-UP,TTCTTCTGGCATCTTTCCTCCGACGA,68.36,26,46.800000000000004,Anneals to PABA-UP,TTCTTCTGGCATCTTTCCTCCGACGA,26,3,0
P002,PABA-UP,GACCCTCTTCTTAGTGTTCCTCTCTTACTCCCGTCCACCTCATTC,68.58,45,81.0,"Anneals to PABA-UP, overlaps to 1036bp_PCR_prod",CCTCTCTTACTCCCGTCCACCTCATTC,27,3,0
P003,synthetic_temp=2.50,GGACGGGAGTAAGAGAGGAACACTAAGAAGAGGGTCAACCGCATC,67.24,45,81.0,"Anneals to synthetic_temp=2.50, overlaps to PABA-UP",AACACTAAGAAGAGGGTCAACCGCATC,27,3,0
P004,synthetic_temp=2.50,GCGGCCGATGGCGGACATGTAAGCGTGGCGCTTGCGT,67.72,37,66.60000000000001,"Anneals to synthetic_temp=2.50, overlaps to 1641bp_PCR_prod",GTAAGCGTGGCGCTTGCGT,19,3,0
P005,pfa1,CGCAAGCGCCACGCTTACATGTCCGCCATCGGCCG,66.97,35,63.0,"Anneals to pfa1, overlaps to synthetic_temp=2.50",ATGTCCGCCATCGGCCG,17,3,0
P006,pfa1,ACTTGTTCATTTTGCTTTGGCGAGAGGGCGAGGG,66.91,34,61.2,"Anneals to pfa1, overlaps to 1036bp_PCR_prod",GGCGAGAGGGCGAGGG,16,3,0
P007,PKG1_terminator,CGCCCTCGCCCTCTCGCCAAAGCAAAATGAACAAGTTTTTTTATCTGTAAAGTATTGAAGAATGTGATGATG,68.03,72,129.6,"Anneals to PKG1_terminator, overlaps to pfa1",AAAGCAAAATGAACAAGTTTTTTTATCTGTAAAGTATTGAAGAATGTGATGATG,54,3,0
P008,PKG1_terminator,GACCCTCTTCTTAGTGTTGCCCGATACCTCCAAGGAAATAACATTGTAAATCT,68.16,53,95.4,"Anneals to PKG1_terminator, overlaps to 1036bp_PCR_prod",GCCCGATACCTCCAAGGAAATAACATTGTAAATCT,35,3,0
P009,synthetic_temp=2.50,TCCTTGGAGGTATCGGGCAACACTAAGAAGAGGGTCAACCGCATC,67.24,45,81.0,"Anneals to synthetic_temp=2.50, overlaps to PKG1_terminator",AACACTAAGAAGAGGGTCAACCGCATC,27,3,0
P010,synthetic_temp=2.50,GACAGGGACCTGGGTCATGTAAGCGTGGCGCTTGCGT,67.72,37,66.60000000000001,"Anneals to synthetic_temp=2.50, overlaps to 6702bp_PCR_prod",GTAAGCGTGGCGCTTGCGT,19,3,0
P011,pfa2,CGCAAGCGCCACGCTTACATGACCCAGGTCCCTGTCGC,68.06,38,68.4,"Anneals to pfa2, overlaps to synthetic_temp=2.50",ATGACCCAGGTCCCTGTCGC,20,3,0
P012,pfa2,ACTTGTTCATTTTGCTTTGGAGGCAGGGCCGGTC,67.38,34,61.2,"Anneals to pfa2, overlaps to 1036bp_PCR_prod",GGAGGCAGGGCCGGTC,16,3,0
P013,PKG1_terminator,GAGACCGGCCCTGCCTCCAAAGCAAAATGAACAAGTTTTTTTATCTGTAAAGTATTGAAGAATGTGATGATG,68.03,72,129.6,"Anneals to PKG1_terminator, overlaps to pfa2",AAAGCAAAATGAACAAGTTTTTTTATCTGTAAAGTATTGAAGAATGTGATGATG,54,3,0
P014,synthetic_temp=2.50,GATAGGCTCGAAGGTCATGTAAGCGTGGCGCTTGCGT,67.72,37,66.60000000000001,"Anneals to synthetic_temp=2.50, overlaps to 7944bp_PCR_prod",GTAAGCGTGGCGCTTGCGT,19,3,0
P015,pfa3,CGCAAGCGCCACGCTTACATGACCTTCGAGCCTATCGCCATC,67.24,42,75.60000000000001,"Anneals to pfa3, overlaps to synthetic_temp=2.50",ATGACCTTCGAGCCTATCGCCATC,24,3,0
P016,pfa3,ACTTGTTCATTTTGCTTTGCCGCCCTCGACGAGG,67.35,34,61.2,"Anneals to pfa3, overlaps to 1036bp_PCR_prod",GCCGCCCTCGACGAGG,16,3,0
P017,PKG1_terminator,CTCCTCGTCGAGGGCGGCAAAGCAAAATGAACAAGTTTTTTTATCTGTAAAGTATTGAAGAATGTGATGATG,68.03,72,129.6,"Anneals to PKG1_terminator, overlaps to pfa3",AAAGCAAAATGAACAAGTTTTTTTATCTGTAAAGTATTGAAGAATGTGATGATG,54,3,0
P018,synthetic_temp=2.50,GAGGTCGAGGAGGGCCATGTAAGCGTGGCGCTTGCGT,67.72,37,66.60000000000001,"Anneals to synthetic_temp=2.50, overlaps to 822bp_PCR_prod",GTAAGCGTGGCGCTTGCGT,19,3,0
P019,PPtase_BBa_K5300011,CGCAAGCGCCACGCTTACATGGCCCTCCTCGACCTCC,67.56,37,66.60000000000001,"Anneals to PPtase_BBa_K5300011, overlaps to synthetic_temp=2.50",ATGGCCCTCCTCGACCTCC,19,3,0
P020,PPtase_BBa_K5300011,ACTTGTTCATTTTGCTTTGGAGAGTTAGACGGCGAGGGTG,67.8,40,72.0,"Anneals to PPtase_BBa_K5300011, overlaps to 1036bp_PCR_prod",GGAGAGTTAGACGGCGAGGGTG,22,3,0
P021,PKG1_terminator,CTCGCCGTCTAACTCTCCAAAGCAAAATGAACAAGTTTTTTTATCTGTAAAGTATTGAAGAATGTGATGATG,68.03,72,129.6,"Anneals to PKG1_terminator, overlaps to PPtase_BBa_K5300011",AAAGCAAAATGAACAAGTTTTTTTATCTGTAAAGTATTGAAGAATGTGATGATG,54,3,0
P022,PKG1_terminator,TGATATCGAGAGGACGCTGCCCGATACCTCCAAGGAAATAACATTGTAAATCT,68.16,53,95.4,"Anneals to PKG1_terminator, overlaps to 523bp_PCR_prod",GCCCGATACCTCCAAGGAAATAACATTGTAAATCT,35,3,0
P023,PABA-DW,TCCTTGGAGGTATCGGGCAGCGTCCTCTCGATATCACCGG,66.81,40,72.0,"Anneals to PABA-DW, overlaps to PKG1_terminator",AGCGTCCTCTCGATATCACCGG,22,3,0
P024,PABA-DW,GCCTGGCGGAATCCTCACTG,66.98,20,36.0,Anneals to PABA-DW,GCCTGGCGGAATCCTCACTG,20,3,0
P001,PABA-UP,TTCTTCTGGCATCTTTCCTCCGACGA,68.36,26,46.800000000000004,Anneals to PABA-UP,TTCTTCTGGCATCTTTCCTCCGACGA,26,3,1
P002,PABA-UP,GACCCTCTTCTTAGTGTTCCTCTCTTACTCCCGTCCACCTCATTC,68.58,45,81.0,"Anneals to PABA-UP, overlaps to 1036bp_PCR_prod",CCTCTCTTACTCCCGTCCACCTCATTC,27,3,1
P003,synthetic_temp=2.50,GGACGGGAGTAAGAGAGGAACACTAAGAAGAGGGTCAACCGCATC,67.24,45,81.0,"Anneals to synthetic_temp=2.50, overlaps to PABA-UP",AACACTAAGAAGAGGGTCAACCGCATC,27,3,1
P004,synthetic_temp=2.50,GCGGCCGATGGCGGACATGTAAGCGTGGCGCTTGCGT,67.72,37,66.60000000000001,"Anneals to synthetic_temp=2.50, overlaps to 1641bp_PCR_prod",GTAAGCGTGGCGCTTGCGT,19,3,1
P005,pfa1,CGCAAGCGCCACGCTTACATGTCCGCCATCGGCCG,66.97,35,63.0,"Anneals to pfa1, overlaps to synthetic_temp=2.50",ATGTCCGCCATCGGCCG,17,3,1
P006,pfa1,GGTGTTTCTACATCTAGTGGCGAGAGGGCGAGGG,66.91,34,61.2,"Anneals to pfa1, overlaps to 1036bp_PCR_prod",GGCGAGAGGGCGAGGG,16,3,1
P007,TEF1_terminator,CGCCCTCGCCCTCTCGCCACTAGATGTAGAAACACCCTTTTGTATCACCACC,67.76,52,93.60000000000001,"Anneals to TEF1_terminator, overlaps to pfa1",ACTAGATGTAGAAACACCCTTTTGTATCACCACC,34,3,1
P008,TEF1_terminator,GACCCTCTTCTTAGTGTTTCCTCGACGTTTGAAACAAGTCACAAGC,68.0,46,82.8,"Anneals to TEF1_terminator, overlaps to 1036bp_PCR_prod",TCCTCGACGTTTGAAACAAGTCACAAGC,28,3,1
P009,synthetic_temp=2.50,TGTTTCAAACGTCGAGGAAACACTAAGAAGAGGGTCAACCGCATC,67.24,45,81.0,"Anneals to synthetic_temp=2.50, overlaps to TEF1_terminator",AACACTAAGAAGAGGGTCAACCGCATC,27,3,1
P010,synthetic_temp=2.50,GACAGGGACCTGGGTCATGTAAGCGTGGCGCTTGCGT,67.72,37,66.60000000000001,"Anneals to synthetic_temp=2.50, overlaps to 6702bp_PCR_prod",GTAAGCGTGGCGCTTGCGT,19,3,1
P011,pfa2,CGCAAGCGCCACGCTTACATGACCCAGGTCCCTGTCGC,68.06,38,68.4,"Anneals to pfa2, overlaps to synthetic_temp=2.50",ATGACCCAGGTCCCTGTCGC,20,3,1
P012,pfa2,GGTGTTTCTACATCTAGTGGAGGCAGGGCCGGTC,67.38,34,61.2,"Anneals to pfa2, overlaps to 1036bp_PCR_prod",GGAGGCAGGGCCGGTC,16,3,1
P013,TEF1_terminator,GAGACCGGCCCTGCCTCCACTAGATGTAGAAACACCCTTTTGTATCACCACC,67.76,52,93.60000000000001,"Anneals to TEF1_terminator, overlaps to pfa2",ACTAGATGTAGAAACACCCTTTTGTATCACCACC,34,3,1
P014,synthetic_temp=2.50,GATAGGCTCGAAGGTCATGTAAGCGTGGCGCTTGCGT,67.72,37,66.60000000000001,"Anneals to synthetic_temp=2.50, overlaps to 7944bp_PCR_prod",GTAAGCGTGGCGCTTGCGT,19,3,1
P015,pfa3,CGCAAGCGCCACGCTTACATGACCTTCGAGCCTATCGCCATC,67.24,42,75.60000000000001,"Anneals to pfa3, overlaps to synthetic_temp=2.50",ATGACCTTCGAGCCTATCGCCATC,24,3,1
P016,pfa3,GGTGTTTCTACATCTAGTGCCGCCCTCGACGAGG,67.35,34,61.2,"Anneals to pfa3, overlaps to 1036bp_PCR_prod",GCCGCCCTCGACGAGG,16,3,1
P017,TEF1_terminator,CTCCTCGTCGAGGGCGGCACTAGATGTAGAAACACCCTTTTGTATCACCACC,67.76,52,93.60000000000001,"Anneals to TEF1_terminator, overlaps to pfa3",ACTAGATGTAGAAACACCCTTTTGTATCACCACC,34,3,1
P018,synthetic_temp=2.50,GAGGTCGAGGAGGGCCATGTAAGCGTGGCGCTTGCGT,67.72,37,66.60000000000001,"Anneals to synthetic_temp=2.50, overlaps to 822bp_PCR_prod",GTAAGCGTGGCGCTTGCGT,19,3,1
P019,PPtase_BBa_K5300011,CGCAAGCGCCACGCTTACATGGCCCTCCTCGACCTCC,67.56,37,66.60000000000001,"Anneals to PPtase_BBa_K5300011, overlaps to synthetic_temp=2.50",ATGGCCCTCCTCGACCTCC,19,3,1
P020,PPtase_BBa_K5300011,GGTGTTTCTACATCTAGTGGAGAGTTAGACGGCGAGGGTG,67.8,40,72.0,"Anneals to PPtase_BBa_K5300011, overlaps to 1036bp_PCR_prod",GGAGAGTTAGACGGCGAGGGTG,22,3,1
P021,TEF1_terminator,CTCGCCGTCTAACTCTCCACTAGATGTAGAAACACCCTTTTGTATCACCACC,67.76,52,93.60000000000001,"Anneals to TEF1_terminator, overlaps to PPtase_BBa_K5300011",ACTAGATGTAGAAACACCCTTTTGTATCACCACC,34,3,1
P022,TEF1_terminator,TGATATCGAGAGGACGCTTCCTCGACGTTTGAAACAAGTCACAAGC,68.0,46,82.8,"Anneals to TEF1_terminator, overlaps to 523bp_PCR_prod",TCCTCGACGTTTGAAACAAGTCACAAGC,28,3,1
P023,PABA-DW,TGTTTCAAACGTCGAGGAAGCGTCCTCTCGATATCACCGG,66.81,40,72.0,"Anneals to PABA-DW, overlaps to TEF1_terminator",AGCGTCCTCTCGATATCACCGG,22,3,1
P024,PABA-DW,GCCTGGCGGAATCCTCACTG,66.98,20,36.0,Anneals to PABA-DW,GCCTGGCGGAATCCTCACTG,20,3,1
